{"cameraMode":{"drawMode":0,"name":"Shaded","section":"Shading Mode"},"sceneLighting":true,"audioPlay":false,"sceneViewState":{"m_AlwaysRefresh":false,"showFog":true,"showSkybox":true,"showFlares":true,"showImageEffects":true,"showParticleSystems":true,"showVisualEffectGraphs":true,"m_FxEnabled":true},"in2DMode":false,"pivot":{"x":68.03297424316406,"y":21.29606056213379,"z":-60.214385986328128},"rotation":{"x":-0.0047914497554302219,"y":0.7693198919296265,"z":0.005769319832324982,"w":0.638836681842804},"size":12.275099754333496,"orthographic":false}