{"cameraMode":{"drawMode":0,"name":"Shaded","section":"Shading Mode"},"sceneLighting":true,"audioPlay":false,"sceneViewState":{"m_AlwaysRefresh":false,"showFog":true,"showSkybox":true,"showFlares":true,"showImageEffects":true,"showParticleSystems":true,"showVisualEffectGraphs":true,"m_FxEnabled":true},"in2DMode":false,"pivot":{"x":33.119998931884769,"y":19.618000030517579,"z":-60.56999969482422},"rotation":{"x":0.07920193672180176,"y":-0.07320193201303482,"z":0.00583184789866209,"w":0.9941505789756775},"size":12.12435531616211,"orthographic":false}