{"cameraMode":{"drawMode":0,"name":"Shaded","section":"Shading Mode"},"sceneLighting":true,"audioPlay":false,"sceneViewState":{"m_AlwaysRefresh":false,"showFog":true,"showSkybox":false,"showFlares":true,"showImageEffects":true,"showParticleSystems":true,"showVisualEffectGraphs":true,"m_FxEnabled":true},"in2DMode":false,"pivot":{"x":52.38098907470703,"y":19.468887329101564,"z":-56.585636138916019},"rotation":{"x":0.022828811779618264,"y":0.8100536465644836,"z":-0.031608130782842639,"w":0.5850573778152466},"size":9.699482917785645,"orthographic":false}